{
    "0": {
        "bias": -0.9996300339698792,
        "weight": 0.005964525509625673
    },
    "1": {
        "bias": -0.9983636140823364,
        "weight": -0.014891156926751137
    },
    "12": {
        "bias": -1.0029997825622559,
        "weight": 0.11281386762857437
    },
    "13": {
        "bias": -1.003869652748108,
        "weight": 0.2454555779695511
    },
    "14": {
        "bias": -1.0033633708953857,
        "weight": 0.35535553097724915
    },
    "15": {
        "bias": -1.0035983324050903,
        "weight": 0.3816388249397278
    },
    "16": {
        "bias": -1.0029823780059814,
        "weight": 0.26113101840019226
    },
    "18": {
        "bias": -1.0002548694610596,
        "weight": 0.015743670985102654
    },
    "19": {
        "bias": -1.0034070014953613,
        "weight": 0.23730511963367462
    },
    "2": {
        "bias": -0.9995213747024536,
        "weight": 0.004429383669048548
    },
    "20": {
        "bias": -1.007684350013733,
        "weight": 0.7435992360115051
    },
    "21": {
        "bias": -1.0161221027374268,
        "weight": 1.5663923025131226
    },
    "22": {
        "bias": -1.0092869997024536,
        "weight": 1.8266093730926514
    },
    "23": {
        "bias": -1.0301169157028198,
        "weight": 3.2903244495391846
    },
    "25": {
        "bias": -1.0008662939071655,
        "weight": 0.07345683127641678
    },
    "26": {
        "bias": -1.0093902349472046,
        "weight": 0.7328059077262878
    },
    "27": {
        "bias": -1.051878809928894,
        "weight": 3.8384594917297363
    },
    "28": {
        "bias": -1.103442907333374,
        "weight": 9.493451118469238
    },
    "29": {
        "bias": -0.9444881677627563,
        "weight": 11.765569686889648
    },
    "33": {
        "bias": -1.0246409177780151,
        "weight": 3.376011610031128
    },
    "34": {
        "bias": -0.9884257316589355,
        "weight": 10.677112579345703
    },
    "35": {
        "bias": -0.9062207341194153,
        "weight": 12.544829368591309
    },
    "6": {
        "bias": -1.000775694847107,
        "weight": 0.0502234622836113
    },
    "7": {
        "bias": -1.0002521276474,
        "weight": 0.08601909875869751
    },
    "8": {
        "bias": -1.0005197525024414,
        "weight": 0.1032664030790329
    },
    "9": {
        "bias": -1.0006687641143799,
        "weight": 0.059049855917692184
    }
}